City_ID,City,Cloudiness,Country,Date,Humidity,Lat,Lng,Max Temp,Wind Speed
0,puerto ayora,20,EC,1586121854.0,70,-0.74,-90.35,84.2,10.29
1,provideniya,100,RU,1586121094.0,86,64.38,-173.3,6.84,11.63
2,kloulklubed,75,PW,1586121376.0,88,7.04,134.26,75.2,5.82
3,praia da vitoria,75,PT,1586121854.0,87,38.73,-27.07,55.4,14.27
4,atuona,22,PF,1586121358.0,76,-9.8,-139.03,81.59,14.38
5,pisco,0,PE,1586121373.0,30,-13.7,-76.22,73.0,18.34
6,longyearbyen,20,SJ,1586121326.0,65,78.22,15.64,3.2,3.36
7,rikitea,80,PF,1586121330.0,65,-23.12,-134.97,74.97,10.65
8,avarua,75,CK,1586121335.0,83,-21.21,-159.78,82.4,9.17
9,buraydah,20,SA,1586121855.0,57,26.33,43.98,78.8,12.75
10,bintulu,75,MY,1586121339.0,100,3.17,113.03,77.0,4.0
11,praia,20,CV,1586121642.0,69,14.92,-23.51,73.4,23.04
12,namatanai,29,PG,1586121855.0,73,-3.67,152.43,81.61,4.27
13,camacha,20,PT,1586121855.0,88,33.08,-16.33,68.0,11.41
14,pointe michel,40,DM,1586121855.0,79,15.25,-61.38,84.2,10.29
15,ushuaia,75,AR,1586121335.0,80,-54.8,-68.3,39.2,32.21
16,hermanus,81,ZA,1586121333.0,98,-34.42,19.23,57.99,7.0
17,katobu,86,ID,1586121856.0,91,-4.94,122.53,76.12,0.63
18,mugur-aksy,0,RU,1586121856.0,56,50.35,90.5,16.34,2.51
19,punta arenas,75,CL,1586121783.0,49,-53.15,-70.92,46.4,17.22
20,fortuna,75,US,1586121200.0,76,40.6,-124.16,52.0,9.17
21,new norfolk,20,AU,1586121856.0,66,-42.78,147.06,51.01,11.41
22,adrar,0,MR,1586121435.0,16,20.5,-10.07,82.02,9.91
23,lubango,0,AO,1586121857.0,54,-14.92,13.49,59.83,1.32
24,moindou,98,NC,1586121857.0,69,-21.69,165.68,78.8,5.82
25,luba,20,GQ,1586121857.0,100,3.46,8.55,80.6,7.61
26,busselton,70,AU,1586121328.0,44,-33.65,115.33,64.0,12.06
27,vila franca do campo,20,PT,1586121857.0,93,37.72,-25.43,59.0,7.87
28,rocha,100,UY,1586121350.0,59,-34.48,-54.33,71.19,6.2
29,chokurdakh,100,RU,1586121403.0,96,70.63,147.92,9.66,7.87
30,salalah,0,OM,1586121390.0,78,17.02,54.09,80.6,2.24
31,airai,33,TL,1586121390.0,67,-8.93,125.41,60.73,1.61
32,ribeira grande,75,PT,1586121858.0,77,38.52,-28.7,60.8,6.93
33,mackenzie,90,CA,1586121858.0,42,55.3,-123.17,28.4,6.93
34,tasiilaq,100,GL,1586121335.0,44,65.61,-37.64,17.6,5.82
35,khatanga,99,RU,1586121929.0,97,71.97,102.5,29.8,14.03
36,taga,0,RO,1586121858.0,39,46.95,24.05,46.4,6.93
37,daru,41,PG,1586121859.0,81,-9.08,143.21,77.92,7.34
38,narsaq,83,GL,1586121438.0,22,60.92,-46.05,30.2,6.93
39,inhambane,1,MZ,1586121859.0,78,-23.86,35.38,74.66,7.78
40,bluff,100,NZ,1586121350.0,82,-46.6,168.33,60.01,3.0
41,kodiak,1,US,1586121358.0,38,57.79,-152.41,41.0,20.8
42,bredasdorp,94,ZA,1586121094.0,82,-34.53,20.04,60.8,12.75
43,nanortalik,96,GL,1586121381.0,80,60.14,-45.24,25.18,9.53
44,curillo,96,CO,1586121859.0,80,1.03,-75.92,82.71,3.11
45,kapaa,1,US,1586121130.0,78,22.08,-159.32,80.01,9.17
46,auki,95,SB,1586121860.0,81,-8.77,160.7,82.24,14.5
47,belur,79,IN,1586121860.0,68,13.17,75.87,70.05,5.28
48,cape town,40,ZA,1586121860.0,100,-33.93,18.42,57.99,8.05
49,pavilosta,22,LV,1586121860.0,93,56.89,21.19,37.4,4.7
50,castro,13,BR,1586121275.0,52,-24.79,-50.01,66.94,1.74
51,mar del plata,100,AR,1586121581.0,60,-38.0,-57.56,73.4,11.41
52,vila velha,75,BR,1586121861.0,73,-20.33,-40.29,77.0,5.82
53,axim,35,GH,1586121861.0,79,4.87,-2.24,83.1,8.99
54,pevek,100,RU,1586121378.0,91,69.7,170.31,-7.62,3.8
55,musoma,74,TZ,1586121861.0,61,-1.5,33.8,70.88,8.03
56,jamestown,1,US,1586121348.0,66,42.1,-79.24,51.01,9.17
57,hilo,90,US,1586121751.0,83,19.73,-155.09,75.2,4.7
58,qaanaaq,100,GL,1586121092.0,84,77.48,-69.36,12.54,1.92
59,port lincoln,74,AU,1586121862.0,81,-34.73,135.87,60.82,6.15
60,sal rei,20,CV,1586121862.0,73,16.18,-22.92,71.6,14.99
61,belaya gora,100,RU,1586121862.0,96,68.53,146.42,12.78,5.86
62,mataura,100,NZ,1586121337.0,82,-46.19,168.86,60.01,3.0
63,albany,90,US,1586121820.0,55,42.6,-73.97,62.01,13.87
64,pareora,100,NZ,1586121862.0,97,-44.49,171.21,57.99,8.59
65,port macquarie,0,AU,1586121623.0,82,-31.43,152.92,57.2,5.82
66,lagoa,98,PT,1586121391.0,83,39.05,-27.98,56.21,15.73
67,nuuk,0,GL,1586121343.0,54,64.18,-51.72,28.4,4.7
68,gushikawa,1,JP,1586121863.0,82,26.35,127.87,66.2,5.82
69,trelew,27,AR,1586121572.0,33,-43.25,-65.31,58.37,30.15
70,asau,0,RO,1586121431.0,44,46.43,26.4,39.99,5.82
71,necochea,69,AR,1586121863.0,93,-38.55,-58.74,66.99,4.0
72,asifabad,71,IN,1586121863.0,26,19.37,79.28,86.79,3.44
73,nouakchott,0,MR,1586121863.0,78,18.09,-15.98,71.6,19.46
74,vaini,75,TO,1586121335.0,69,-21.2,-175.2,78.8,5.82
75,hobart,20,AU,1586121717.0,66,-42.88,147.33,51.01,11.41
76,kieta,17,PG,1586121864.0,77,-6.22,155.63,79.84,4.47
77,meulaboh,99,ID,1586121935.0,82,4.14,96.13,79.2,3.65
78,superior,1,US,1586121864.0,48,46.72,-92.1,53.6,11.41
79,mnogovershinnyy,73,RU,1586121864.0,86,53.94,139.92,18.86,1.14
80,san patricio,40,MX,1586121864.0,74,19.22,-104.7,86.0,23.04
81,mayumba,81,GA,1586121864.0,86,-3.43,10.66,80.6,4.79
82,muskegon,1,US,1586121715.0,42,43.3,-86.13,57.99,9.17
83,ojinaga,90,MX,1586121865.0,26,29.57,-104.42,80.6,9.13
84,margate,0,GB,1586121178.0,54,51.38,1.39,60.01,6.93
85,hithadhoo,0,MV,1586121338.0,73,-0.6,73.08,82.78,4.79
86,cherskiy,0,RU,1586121355.0,89,68.75,161.3,-1.97,12.82
87,baculin,80,PH,1586121794.0,77,7.45,126.58,76.14,4.68
88,santa isabel do rio negro,99,BR,1586121866.0,68,-0.41,-65.02,87.76,2.35
89,flinders,0,AU,1586121378.0,72,-34.58,150.86,62.01,11.41
90,natal,40,BR,1586121866.0,83,-5.79,-35.21,84.2,9.17
91,shwebo,96,MM,1586121866.0,25,22.57,95.7,82.13,4.12
92,nsanje,0,MW,1586121866.0,71,-16.92,35.26,72.48,5.55
93,arlit,0,NE,1586121866.0,10,18.74,7.39,85.06,4.0
94,shellbrook,75,CA,1586121289.0,67,53.22,-106.4,23.0,10.29
95,mahebourg,40,MU,1586121361.0,78,-20.41,57.7,78.8,8.05
96,kruisfontein,100,ZA,1586121387.0,71,-34.0,24.73,63.79,15.19
97,port moresby,42,PG,1586121867.0,74,-9.44,147.18,75.97,3.71
98,marsh harbour,65,BS,1586121867.0,60,26.54,-77.06,73.9,11.95
99,babushkin,0,RU,1586121867.0,85,51.71,105.86,26.11,2.89
100,ponta do sol,75,PT,1586121867.0,82,32.67,-17.1,68.0,3.36
101,lydenburg,9,ZA,1586121868.0,93,-25.1,30.46,64.99,1.99
102,carolina,75,PR,1586121868.0,74,18.38,-65.96,82.4,12.75
103,antalaha,35,MG,1586121868.0,82,-14.9,50.28,77.25,12.21
104,coihaique,40,CL,1586121868.0,56,-45.58,-72.07,48.2,8.52
105,hofn,100,IS,1586121868.0,86,64.25,-15.21,45.61,17.45
106,santa lucia,20,ES,1586121868.0,77,27.91,-15.54,69.8,4.7
107,faya,5,SA,1586121352.0,59,18.39,42.45,62.6,7.47
108,pangai,100,TO,1586121869.0,75,-19.8,-174.35,77.97,16.17
109,viransehir,100,TR,1586121869.0,55,37.24,39.76,53.65,9.82
110,mao,59,ES,1586121778.0,76,39.89,4.27,55.4,5.82
111,umarkhed,85,IN,1586121869.0,24,19.6,77.7,86.92,6.06
112,itapaci,91,BR,1586121869.0,68,-14.95,-49.55,78.8,3.33
113,khingansk,53,RU,1586121870.0,85,49.12,131.18,24.8,2.21
114,tiksi,93,RU,1586121375.0,93,71.69,128.87,17.02,21.14
115,east london,100,ZA,1586121870.0,74,-33.02,27.91,70.81,13.18
116,nioro,0,GM,1586121870.0,25,13.35,-15.75,86.9,7.05
117,port blair,69,IN,1586121870.0,75,11.67,92.75,81.79,8.19
118,norman wells,20,CA,1586121870.0,62,65.28,-126.83,23.0,24.16
119,severo-kurilsk,32,RU,1586121371.0,89,50.68,156.12,32.94,13.13
120,chuy,81,UY,1586121941.0,66,-33.7,-53.46,70.52,6.58
121,poletayevo,40,RU,1586121871.0,74,55.03,61.11,37.4,6.71
122,sardhana,17,IN,1586121871.0,34,29.15,77.62,71.37,5.12
123,barabai,71,ID,1586121871.0,88,-2.58,115.38,74.75,0.4
124,turtas,100,RU,1586121871.0,95,58.94,69.13,35.58,6.64
125,arkhangelskoye,25,RU,1586121871.0,87,55.85,35.33,28.98,9.33
126,darlawn,0,IN,1586121871.0,54,24.02,92.9,61.75,3.36
127,zhanaozen,81,KZ,1586121424.0,46,43.3,52.8,55.33,5.39
128,gat,52,IL,1586121344.0,82,31.61,34.76,63.0,3.36
129,asyut,2,EG,1586121872.0,49,27.18,31.18,69.8,5.82
130,porto belo,0,BR,1586121872.0,78,-27.16,-48.55,75.99,11.41
131,kemijarvi,16,FI,1586121872.0,93,66.71,27.43,17.15,5.99
132,kaitangata,100,NZ,1586121419.0,93,-46.28,169.85,57.0,1.99
133,bengkulu,99,ID,1586121366.0,86,-3.8,102.27,76.71,6.26
134,albion,40,US,1586121873.0,26,42.24,-84.75,57.2,5.82
135,ancud,20,CL,1586121356.0,50,-41.87,-73.82,55.4,14.99
136,clyde river,40,CA,1586121873.0,72,70.47,-68.59,10.4,23.04
137,belyy yar,0,RU,1586121873.0,79,53.6,91.39,23.0,3.09
138,astana,90,KZ,1586121833.0,93,51.18,71.45,42.8,11.18
139,isangel,100,VU,1586121874.0,85,-19.55,169.27,79.2,19.1
140,tilichiki,80,RU,1586121415.0,94,60.47,166.1,10.33,3.62
141,yellowknife,20,CA,1586121355.0,48,62.46,-114.35,21.2,13.87
142,dzilam gonzalez,0,MX,1586121874.0,40,21.28,-88.93,91.92,10.33
143,dikson,99,RU,1586121944.0,96,73.51,80.55,12.61,5.75
144,butaritari,16,KI,1586121944.0,77,3.07,172.79,82.62,11.18
145,xacmaz,100,AZ,1586121874.0,77,41.46,48.81,49.62,8.43
146,horsham,0,GB,1586121875.0,47,51.06,-0.33,62.6,8.05
147,kukuna,1,SL,1586121875.0,63,9.4,-12.67,85.68,7.72
148,arraial do cabo,40,BR,1586121875.0,73,-22.97,-42.03,77.0,4.7
149,visnes,100,NO,1586121875.0,62,59.36,5.22,51.01,20.8
150,salimpur,73,IN,1586121875.0,29,28.13,76.28,75.15,3.89
151,chara,97,RU,1586121875.0,81,56.91,118.26,16.0,4.56
152,el alto,88,PE,1586121784.0,69,-4.27,-81.21,75.02,7.38
153,saint anthony,1,US,1586121876.0,26,45.02,-93.22,57.2,10.29
154,paka,99,MY,1586121876.0,94,4.64,103.44,77.0,1.12
155,puerto penasco,21,MX,1586121876.0,75,31.32,-113.53,66.0,13.0
156,torbay,75,CA,1586121946.0,74,47.67,-52.73,30.0,11.41
157,curitibanos,0,BR,1586121872.0,44,-27.28,-50.58,65.39,1.3
158,lompoc,100,US,1586121233.0,87,34.64,-120.46,57.2,12.75
159,alta floresta,92,BR,1586121876.0,80,-9.88,-56.09,81.19,3.15
160,vestmannaeyjar,100,IS,1586121379.0,94,63.44,-20.27,45.75,30.65
161,mana,97,GF,1586121401.0,78,5.66,-53.78,81.16,10.04
162,bucerias,40,MX,1586121877.0,69,20.75,-105.33,80.6,11.41
163,buala,77,SB,1586121877.0,79,-8.14,159.59,81.79,12.59
164,tuatapere,100,NZ,1586121369.0,82,-46.13,167.68,60.01,3.0
165,saint-philippe,20,RE,1586121371.0,73,-21.36,55.77,77.0,5.82
166,lensk,82,RU,1586121877.0,95,60.73,114.93,27.34,8.05
167,contai,0,IN,1586121877.0,76,21.78,87.75,79.59,8.99
168,vardo,76,NO,1586121877.0,67,70.37,31.11,21.2,16.11
169,kutum,21,SD,1586121434.0,10,14.2,24.67,74.86,11.83
170,haines junction,95,CA,1586121878.0,73,60.75,-137.51,29.84,8.95
171,port alfred,99,ZA,1586121878.0,80,-33.59,26.89,66.22,12.06
172,kismayo,59,SO,1586121385.0,73,-0.36,42.55,83.3,10.71
173,carutapera,98,BR,1586121413.0,85,-1.2,-46.02,81.59,9.91
174,lebu,0,CL,1586121949.0,63,-37.62,-73.65,60.42,11.01
175,laguna,90,US,1586121401.0,87,38.42,-121.42,57.0,9.17
176,lincoln,1,US,1586121645.0,44,40.8,-96.67,62.01,13.87
177,okato,75,NZ,1586121879.0,60,-39.2,173.88,57.0,5.01
178,port hedland,96,AU,1586121879.0,94,-20.32,118.57,75.2,4.7
179,nhulunbuy,77,AU,1586121879.0,94,-12.23,136.77,77.0,6.11
180,wilson,1,US,1586121879.0,44,36.15,-86.28,80.01,6.93
181,bandar-e lengeh,1,IR,1586121879.0,88,26.56,54.88,73.4,6.93
182,lillesand,95,NO,1586121879.0,75,58.25,8.38,46.0,4.7
183,ponta delgada,20,PT,1586121880.0,93,37.73,-25.67,59.0,8.41
184,saint-georges,20,GD,1586121880.0,74,12.06,-61.75,84.2,18.34
185,muravlenko,100,RU,1586121880.0,94,63.79,74.52,32.4,15.43
186,saskylakh,96,RU,1586121355.0,96,71.92,114.08,28.44,17.45
187,itoman,75,JP,1586121880.0,59,26.12,127.67,66.2,6.93
188,thompson,40,CA,1586121708.0,57,55.74,-97.86,23.0,6.93
189,dingle,77,PH,1586121951.0,83,11.0,122.67,76.48,8.5
190,split,40,HR,1586121881.0,29,43.51,16.44,60.8,10.29
191,sitka,75,US,1586121951.0,64,57.05,-135.33,39.2,11.41
192,bathsheba,40,BB,1586121432.0,69,13.22,-59.52,82.4,14.99
193,kalmar,20,SE,1586121755.0,74,56.66,16.36,42.01,3.36
194,port elizabeth,100,ZA,1586121881.0,82,-33.92,25.57,64.4,17.22
195,robertsport,43,LR,1586121357.0,81,6.75,-11.37,82.26,4.92
196,wilmington,1,US,1586121421.0,45,34.23,-77.94,68.0,10.29
197,rawatsar,0,IN,1586121881.0,31,29.28,74.38,77.09,7.11
198,nongan,2,CN,1586121882.0,53,44.38,125.17,26.6,4.47
199,verkhoyansk,84,RU,1586121953.0,88,67.54,133.38,8.65,7.25
200,fairbanks,90,US,1586121639.0,74,64.84,-147.72,36.0,20.8
201,jieshi,83,CN,1586121882.0,88,22.81,115.83,61.0,11.1
202,kalmunai,5,LK,1586121882.0,74,7.42,81.82,80.47,4.32
203,beaverlodge,75,CA,1586121605.0,79,55.22,-119.44,21.2,4.7
204,dhidhdhoo,73,MV,1586121397.0,68,6.88,73.1,83.7,2.17
205,victoria,40,HK,1586121954.0,82,22.29,114.16,63.0,8.05
206,port-gentil,12,GA,1586121389.0,84,-0.72,8.78,81.59,12.41
207,caravelas,43,BR,1586121954.0,78,-17.71,-39.25,78.89,14.92
208,xingyi,72,CN,1586121883.0,55,24.19,102.82,52.38,3.04
209,sao filipe,0,CV,1586121883.0,77,14.9,-24.5,73.22,11.92
210,quatre cocos,40,MU,1586121883.0,78,-20.21,57.76,78.8,8.05
211,agidel,0,RU,1586121883.0,90,55.91,53.94,31.84,7.52
212,baisha,68,CN,1586121883.0,77,26.52,110.93,52.16,1.25
213,vani,90,GE,1586121884.0,87,42.08,42.52,55.4,3.36
214,kathmandu,20,NP,1586121884.0,71,27.72,85.32,55.4,2.24
215,simpang empat,40,MY,1586121884.0,94,4.95,100.63,78.8,1.12
216,ixtapa,40,MX,1586121177.0,69,20.7,-105.2,80.6,11.41
217,mo i rana,99,NO,1586121884.0,89,66.31,14.14,24.31,5.14
218,haapiti,1,PF,1586121884.0,62,-17.57,-149.87,89.6,16.11
219,bharatpur,0,IN,1586121885.0,24,27.22,77.48,77.61,4.09
220,bubaque,0,GW,1586121956.0,70,11.28,-15.83,79.83,16.31
221,kenai,1,US,1586121885.0,64,60.55,-151.26,37.99,26.4
222,portland,40,US,1586121880.0,44,45.52,-122.68,64.0,7.34
223,aykhal,55,RU,1586121885.0,68,66.0,111.5,28.4,6.71
224,saint george,1,US,1586121878.0,20,37.1,-113.58,71.01,20.8
225,taywarah,100,AF,1586121885.0,42,33.35,64.42,34.2,2.35
226,kokopo,30,PG,1586121885.0,78,-4.35,152.26,78.94,2.57
227,shambu,72,ET,1586121886.0,29,9.57,37.1,61.3,3.02
228,riberalta,16,BO,1586121886.0,65,-10.98,-66.1,87.85,1.57
229,te anau,100,NZ,1586121886.0,74,-45.42,167.72,58.96,5.28
230,thio,99,NC,1586121886.0,69,-21.62,166.22,78.8,5.82
231,port hardy,20,CA,1586121886.0,61,50.7,-127.42,46.4,13.87
232,anloga,20,GH,1586121886.0,79,5.79,0.9,82.99,11.45
233,hamilton,90,US,1586121214.0,71,39.18,-84.53,60.01,5.82
234,tabou,64,CI,1586121887.0,83,4.42,-7.35,82.69,8.05
235,itarema,45,BR,1586121887.0,83,-2.92,-39.92,80.74,7.4
236,cairns,75,AU,1586121640.0,83,-16.92,145.77,77.0,5.82
237,hualmay,0,PE,1586121959.0,63,-11.1,-77.61,77.65,8.66
238,georgetown,40,MY,1586121713.0,94,5.41,100.34,78.8,3.36
239,kapit,98,MY,1586121959.0,95,2.02,112.93,73.8,1.9
240,klaksvik,100,FO,1586121959.0,76,62.23,-6.59,50.0,21.92
241,leshukonskoye,100,RU,1586121888.0,96,64.9,45.76,23.36,8.61
242,kavieng,93,PG,1586121785.0,75,-2.57,150.8,83.23,10.13
243,college,90,US,1586121959.0,64,64.86,-147.8,36.0,23.04
244,mitsamiouli,88,KM,1586121960.0,65,-11.38,43.28,83.86,3.44
245,mariental,10,NA,1586121888.0,20,-24.63,17.97,76.14,8.43
246,algiers,35,DZ,1586121695.0,93,36.75,3.04,55.4,3.36
247,sobolevo,11,RU,1586121443.0,80,54.43,31.9,33.35,6.67
248,high level,40,CA,1586121888.0,50,58.52,-117.14,28.4,6.93
249,iqaluit,75,CA,1586121960.0,71,63.75,-68.51,6.8,14.99
250,muncar,100,ID,1586121888.0,82,-8.43,114.33,79.5,2.42
251,miri,75,MY,1586121961.0,94,4.41,114.01,78.01,8.05
252,lazaro cardenas,0,MX,1586121889.0,49,17.96,-102.2,86.23,8.93
253,chapais,90,CA,1586121889.0,64,49.78,-74.85,35.6,13.87
254,geraldton,0,AU,1586121961.0,93,-28.77,114.6,60.8,6.93
255,muleba,100,TZ,1586121889.0,59,-1.84,31.65,67.93,6.26
256,deputatskiy,28,RU,1586121961.0,87,69.3,139.9,1.11,4.99
257,constitucion,0,CL,1586121394.0,52,-35.33,-72.42,62.42,18.16
258,little elm,90,US,1586121889.0,72,33.16,-96.94,66.2,4.7
259,awbari,1,LY,1586121889.0,25,26.59,12.78,66.85,8.9
260,krasnoselkup,100,RU,1586121962.0,95,65.7,82.47,29.95,17.6
261,yhu,77,PY,1586121890.0,44,-25.05,-55.92,84.85,3.04
262,buzmeyin,90,TM,1586121890.0,93,38.05,58.21,55.4,4.7
263,kibala,7,TD,1586121890.0,28,9.11,18.35,86.65,2.46
264,cayenne,75,GF,1586121396.0,74,4.93,-52.33,84.2,12.75
265,soyo,38,AO,1586121890.0,87,-6.13,12.37,80.87,9.51
266,boa vista,20,BR,1586121891.0,66,2.82,-60.67,86.0,4.7
267,panguna,26,PG,1586121891.0,79,-6.32,155.48,71.91,3.06
268,poum,100,NC,1586121412.0,77,-20.23,164.02,79.86,20.83
269,upernavik,74,GL,1586121964.0,80,72.79,-56.15,13.41,1.97
270,birao,92,CF,1586121891.0,12,10.28,22.79,84.67,3.56
271,sabang,91,ID,1586121367.0,66,5.89,95.32,83.44,1.77
272,lasa,5,IT,1586121891.0,69,46.62,10.7,51.8,2.24
273,burnie,21,AU,1586121891.0,91,-41.07,145.92,46.99,3.0
274,quiindy,100,PY,1586121891.0,44,-25.97,-57.27,87.94,1.05
275,swellendam,10,ZA,1586121892.0,77,-34.02,20.44,60.8,11.41
276,atbasar,100,KZ,1586121892.0,88,51.8,68.33,36.07,7.16
277,jacareacanga,63,BR,1586121892.0,72,-6.22,-57.75,86.13,2.59
278,rio verde de mato grosso,32,BR,1586121892.0,63,-18.92,-54.84,84.09,3.62
279,shanghai,54,CN,1586121745.0,70,31.22,121.46,48.2,2.24
280,katsuura,20,JP,1586121395.0,52,35.13,140.3,46.4,8.05
281,erenhot,61,CN,1586121892.0,29,43.65,111.98,46.17,6.2
282,moree,0,AU,1586121893.0,87,-29.47,149.85,51.8,5.48
283,kamaishi,51,JP,1586121893.0,73,39.27,141.88,39.16,17.67
284,rolla,90,US,1586121407.0,76,37.95,-91.77,57.99,3.42
285,umm lajj,0,SA,1586121893.0,40,25.02,37.27,82.94,2.86
286,bilibino,74,RU,1586121966.0,84,68.05,166.44,-7.58,1.05
287,chadan,46,RU,1586121893.0,73,51.28,91.58,28.29,2.98
288,old orchard beach,75,US,1586121793.0,70,43.52,-70.38,55.0,13.87
289,jhanjharpur,0,IN,1586121893.0,20,26.27,86.28,72.77,7.05
290,la reforma,75,MX,1586121893.0,31,25.08,-108.05,90.0,4.7
291,cabo san lucas,75,MX,1586121602.0,26,22.89,-109.91,88.0,9.17
292,banjar,20,ID,1586121894.0,100,-8.19,114.97,82.4,5.82
293,hasaki,20,JP,1586121967.0,80,35.73,140.83,41.0,3.36
294,batticaloa,8,LK,1586121450.0,77,7.71,81.69,79.29,4.27
295,leningradskiy,100,RU,1586121404.0,88,69.38,178.42,-1.82,18.9
296,pitimbu,20,BR,1586121448.0,83,-7.47,-34.81,84.2,6.93
297,ugoofaaru,11,MV,1586121894.0,68,5.67,73.0,84.15,5.64
298,ahuimanu,40,US,1586121446.0,69,21.44,-157.84,80.6,8.05
299,luis correia,75,BR,1586121895.0,89,-2.88,-41.67,84.2,11.41
300,komsomolskiy,63,UZ,1586121387.0,72,40.43,71.72,59.0,4.7
301,krasnogorskoye,2,RU,1586121895.0,82,52.3,86.2,33.39,4.14
302,vinh,95,VN,1586121736.0,87,18.67,105.67,66.47,7.07
303,forestville,40,US,1586121895.0,42,38.85,-76.88,73.0,4.7
304,crotone,92,IT,1586121895.0,72,39.09,17.12,54.97,11.65
305,hammerfest,20,NO,1586121241.0,73,70.66,23.68,32.0,10.29
306,broome,90,US,1586121374.0,58,42.25,-75.83,62.01,13.87
307,ossora,64,RU,1586121896.0,91,59.24,163.07,17.62,6.13
308,butembo,46,CD,1586121896.0,63,0.15,29.28,58.37,1.14
309,esperance,90,AU,1586121969.0,76,-33.87,121.9,57.2,10.29
310,ahipara,100,NZ,1586121969.0,64,-35.17,173.17,63.57,11.68
311,tabora,99,TZ,1586121896.0,66,-5.02,32.8,65.93,3.76
312,oltu,100,TR,1586121896.0,43,40.55,42.0,47.75,5.84
313,san juan evangelista,5,MX,1586121896.0,74,17.9,-95.13,86.0,28.86
314,takahagi,20,JP,1586121896.0,80,36.72,140.72,39.0,6.93
315,huaicheng,99,CN,1586121896.0,87,23.91,112.19,59.09,2.04
316,weiser,40,US,1586121897.0,47,44.25,-116.97,57.2,4.7
317,bambous virieux,40,MU,1586121897.0,78,-20.34,57.76,78.8,8.05
318,mandalgovi,95,MN,1586121897.0,33,45.76,106.27,40.51,8.39
319,taoudenni,0,ML,1586121897.0,13,22.68,-3.98,83.62,6.24
320,meadow lake,1,US,1586121897.0,12,34.8,-106.54,73.99,9.17
321,kilindoni,4,TZ,1586121897.0,73,-7.91,39.67,83.16,6.69
322,tuktoyaktuk,90,CA,1586121970.0,85,69.45,-133.04,23.0,24.16
323,korla,0,CN,1586121898.0,35,41.76,86.15,59.0,1.99
324,tacoronte,75,ES,1586121898.0,88,28.48,-16.41,71.01,13.87
325,burgeo,76,CA,1586121898.0,95,47.62,-57.62,32.07,5.73
326,nehe,94,CN,1586121898.0,84,48.48,124.83,32.9,16.17
327,faanui,4,PF,1586121971.0,74,-16.48,-151.75,83.25,10.54
328,elizabeth city,1,US,1586121898.0,52,36.29,-76.25,68.0,11.41
329,mansehra,100,PK,1586121898.0,43,34.33,73.2,53.8,6.13
330,lenoir city,20,US,1586121899.0,29,35.8,-84.26,82.4,9.17
331,saint-pierre,20,RE,1586121899.0,73,-21.34,55.48,77.0,5.82
332,byron bay,7,AU,1586121620.0,100,-28.65,153.62,69.01,2.24
333,storforshei,99,NO,1586121899.0,88,66.4,14.52,22.46,3.49
334,avera,1,US,1586121427.0,39,33.19,-82.53,81.0,8.05
335,bonavista,3,CA,1586121900.0,80,48.65,-53.11,28.0,1.99
336,kampot,17,KH,1586121900.0,80,10.62,104.18,79.56,5.23
337,kavaratti,84,IN,1586121972.0,71,10.57,72.64,83.05,5.12
338,le port,20,RE,1586121712.0,88,-20.94,55.29,77.0,10.29
339,najran,0,SA,1586121900.0,36,17.49,44.13,77.0,5.08
340,pozo colorado,99,PY,1586121900.0,43,-23.49,-58.8,92.05,4.32
341,barrow,90,US,1586121973.0,85,71.29,-156.79,21.2,13.87
342,constantine,20,DZ,1586121901.0,81,36.37,6.61,50.0,5.82
343,churapcha,100,RU,1586121901.0,94,62.0,132.43,8.51,5.93
344,tikhvin,38,RU,1586121863.0,87,59.65,33.53,28.81,6.93
345,tongliao,0,CN,1586121901.0,58,43.61,122.27,35.38,5.84
346,mbekenyera,2,TZ,1586121901.0,85,-10.0,38.98,70.63,2.62
347,ilhabela,12,BR,1586121789.0,71,-23.78,-45.36,74.05,9.8
348,northam,97,GB,1586121902.0,92,51.03,-4.22,57.0,10.0
349,labrea,99,BR,1586121619.0,63,-7.26,-64.8,88.81,1.05
350,providencia,92,MX,1586121903.0,29,28.72,-111.58,86.0,8.99
351,teya,93,RU,1586121903.0,92,60.38,92.63,21.96,4.47
352,manggar,89,ID,1586121903.0,81,-2.88,108.27,81.03,6.26
353,ostrovnoy,64,RU,1586121377.0,97,68.05,39.51,20.28,13.47
354,okhotsk,100,RU,1586121974.0,94,59.38,143.3,19.13,4.14
355,ilulissat,0,GL,1586121975.0,36,69.22,-51.1,15.8,32.21
356,akdepe,88,TM,1586121904.0,47,42.06,59.38,55.4,6.93
357,la libertad,29,EC,1586121904.0,69,-2.23,-80.9,82.4,10.29
358,emerald,0,AU,1586121904.0,52,-23.53,148.17,64.4,12.75
359,snezhnogorsk,8,RU,1586121904.0,53,69.19,33.25,21.2,4.47
360,vikulovo,100,RU,1586121904.0,95,56.82,70.61,36.91,8.63
361,qui nhon,21,VN,1586121905.0,84,13.77,109.23,75.31,2.89
362,carauari,86,BR,1586121856.0,83,-4.88,-66.9,84.47,1.43
363,egvekinot,100,RU,1586121905.0,84,66.32,-179.17,2.21,7.23
364,bomet,69,KE,1586121905.0,53,-0.78,35.34,57.99,3.91
365,bakchar,100,RU,1586121905.0,96,57.02,82.07,29.66,8.03
366,suslovo,0,RU,1586121905.0,90,56.22,88.12,30.74,10.8
367,okahandja,62,NA,1586121905.0,72,-21.98,16.92,66.99,2.24
368,carnarvon,32,AU,1586121976.0,88,-24.87,113.63,69.8,8.05
369,petropavlovsk-kamchatskiy,0,RU,1586121384.0,53,53.05,158.65,23.0,6.71
370,richards bay,0,ZA,1586121906.0,86,-28.78,32.04,71.49,10.87
371,pilar,20,BR,1586121906.0,88,-9.6,-35.96,80.6,9.17
372,carmelo,100,UY,1586121906.0,73,-33.99,-58.29,73.99,4.45
373,kahului,40,US,1586121977.0,58,20.89,-156.47,82.4,8.05
374,los llanos de aridane,20,ES,1586121906.0,83,28.66,-17.92,69.8,2.24
375,srandakan,100,ID,1586121906.0,83,-7.94,110.25,79.45,3.29
376,homer,1,US,1586121907.0,55,59.64,-151.55,35.6,23.04
377,erie,75,US,1586121907.0,66,42.77,-78.67,54.0,12.75
378,beringovskiy,73,RU,1586121441.0,85,63.05,179.32,4.46,11.39
379,nikolskoye,1,RU,1586121977.0,74,59.7,30.79,28.4,4.47
380,wasilla,75,US,1586121907.0,44,61.58,-149.44,39.99,12.75
381,galle,24,LK,1586121907.0,75,6.04,80.22,79.95,2.64
382,hami,95,CN,1586121404.0,26,42.8,93.45,52.36,0.51
383,mehamn,75,NO,1586121908.0,86,71.04,27.85,28.4,8.05
384,dabhol,0,IN,1586121908.0,78,17.6,73.17,76.19,0.94
385,malakal,82,SS,1586121908.0,32,9.53,31.66,87.31,4.16
386,guerrero negro,100,MX,1586121908.0,55,27.98,-114.06,64.69,13.22
387,maniitsoq,0,GL,1586121909.0,86,65.42,-52.9,23.59,5.3
388,masvingo,1,ZW,1586121909.0,51,-20.06,30.83,63.73,2.48
389,arica,21,CL,1586121909.0,73,-18.48,-70.3,75.2,8.05
390,dayong,81,CN,1586121909.0,58,25.02,118.29,59.0,2.24
391,howard springs,40,AU,1586121909.0,94,-12.5,131.05,79.0,5.82
392,nizwa,3,OM,1586121909.0,24,22.93,57.53,82.85,4.5
393,ngunguru,95,NZ,1586121910.0,77,-35.62,174.5,63.0,5.01
394,eldorado,58,BR,1586121671.0,57,-23.79,-54.28,81.9,8.01
395,tual,98,ID,1586121979.0,72,-5.67,132.75,82.99,4.54
396,makat,76,KZ,1586121910.0,76,47.65,53.35,48.7,16.44
397,aksha,35,RU,1586121910.0,74,50.28,113.29,24.3,5.32
398,langsa,100,ID,1586121911.0,93,4.47,97.97,76.01,1.68
399,udachnyy,95,RU,1586121911.0,68,66.42,112.4,28.4,6.71
400,pacific grove,90,US,1586121760.0,86,36.62,-121.92,54.0,5.82
401,zhigansk,96,RU,1586121911.0,96,66.77,123.37,14.77,14.09
402,kangaatsiaq,0,GL,1586121451.0,85,68.31,-53.46,20.52,26.53
403,bontang,54,ID,1586121912.0,89,0.13,117.5,79.16,10.18
404,saint-junien,0,FR,1586121912.0,35,45.88,0.9,62.6,12.75
405,balakhta,0,RU,1586121912.0,92,55.38,91.6,25.39,4.72
406,moranbah,56,AU,1586121912.0,41,-22.0,148.05,65.43,15.23
407,tura,0,IN,1586121788.0,22,25.52,90.22,67.19,3.06
408,iskateley,68,RU,1586121913.0,95,67.68,53.15,15.71,6.22
409,saldanha,83,ZA,1586121982.0,82,-33.01,17.94,62.6,1.12
410,pinawa,15,CA,1586121913.0,50,50.15,-95.88,45.39,4.72
411,whitehorse,75,CA,1586121913.0,65,60.72,-135.05,32.0,11.41
412,roros,100,NO,1586121913.0,92,62.57,11.38,28.4,4.7
413,saint-augustin,99,CA,1586121417.0,97,51.23,-58.65,30.25,8.88
414,old saybrook,40,US,1586121913.0,66,41.29,-72.38,57.2,10.29
415,san andres,20,CO,1586121914.0,74,12.58,-81.7,86.0,11.41
416,moramanga,53,MG,1586121914.0,71,-18.93,48.2,60.4,1.36
417,khani,90,GE,1586121914.0,87,41.96,42.96,55.4,3.36
418,san pedro buenavista,40,MX,1586121914.0,17,16.08,-93.12,102.2,2.24
419,santo domingo,20,DO,1586121753.0,62,18.5,-69.99,86.0,6.93
420,srednekolymsk,100,RU,1586121412.0,91,67.45,153.68,7.74,5.7
421,port augusta,17,AU,1586121915.0,93,-32.5,137.77,50.0,5.82
422,husavik,90,IS,1586121984.0,92,66.04,-17.34,30.2,23.04
423,vostok,100,RU,1586121984.0,89,46.49,135.88,25.88,3.58
424,la roche-sur-yon,92,FR,1586121916.0,62,46.67,-1.43,62.6,5.82
425,havre-saint-pierre,40,CA,1586121916.0,80,50.23,-63.6,33.8,8.05
426,lucapa,56,AO,1586121916.0,72,-8.42,20.74,67.86,1.61
427,honiara,75,SB,1586121430.0,94,-9.43,159.95,77.0,2.24
428,impfondo,94,CG,1586121916.0,87,1.64,18.07,70.3,2.15
429,zeya,61,RU,1586121916.0,89,53.75,127.27,16.41,6.78
430,troitskoye,3,RU,1586121916.0,91,52.98,84.68,31.03,6.29
431,puerto narino,75,CO,1586121917.0,83,-3.77,-70.38,82.4,3.36
432,glodeni,0,MD,1586121917.0,28,47.77,27.51,45.0,9.17
433,gazli,34,UZ,1586121917.0,46,40.13,63.45,62.31,15.23
434,alofi,97,NU,1586121387.0,83,-19.06,-169.92,78.8,9.17
435,paamiut,100,GL,1586121917.0,88,61.99,-49.67,29.3,7.92
436,sakaiminato,20,JP,1586121917.0,86,35.55,133.23,37.4,8.05
437,corum,53,TR,1586121917.0,64,40.5,34.75,44.17,9.01
438,san cristobal,40,VE,1586121918.0,52,7.77,-72.22,93.2,9.17
439,pandan,8,PH,1586121918.0,80,14.05,124.17,79.63,13.22
440,vao,100,NC,1586121397.0,76,-22.67,167.48,77.4,22.66
441,naze,90,JP,1586121416.0,63,28.37,129.48,62.6,10.29
442,hambantota,0,LK,1586121986.0,74,6.12,81.12,80.17,3.78
443,mount gambier,40,AU,1586121918.0,100,-37.83,140.77,48.2,3.36
444,moose factory,75,CA,1586121919.0,55,51.26,-80.61,35.6,16.11
445,nelson bay,0,AU,1586121919.0,72,-32.72,152.15,60.01,14.99
446,hukuntsi,13,BW,1586121919.0,30,-24.0,21.75,70.56,8.75
447,myitkyina,49,MM,1586121919.0,35,25.38,97.4,69.08,2.77
448,rovinj,0,HR,1586121919.0,36,45.08,13.64,62.6,21.92
449,karratha,90,AU,1586121445.0,65,-20.74,116.85,79.66,8.28
450,sorland,75,NO,1586121725.0,74,67.67,12.69,30.2,4.7
451,skagen,84,DK,1586121987.0,76,57.72,10.58,46.99,18.01
452,ventspils,0,LV,1586121987.0,100,57.39,21.56,37.4,4.7
453,chumikan,100,RU,1586121438.0,95,54.72,135.31,27.77,1.61
454,rock sound,0,BS,1586121988.0,57,24.9,-76.2,74.43,5.12
455,magam,94,IN,1586121988.0,31,34.08,74.58,48.52,0.89
456,yeppoon,90,AU,1586121988.0,83,-23.13,150.73,69.8,4.7
457,betma,0,IN,1586121988.0,14,22.68,75.62,78.98,6.49
458,henties bay,91,NA,1586121988.0,88,-22.12,14.28,62.01,3.0
459,cap malheureux,40,MU,1586121988.0,78,-19.98,57.61,78.8,8.05
460,shubarkuduk,88,KZ,1586121989.0,71,49.14,56.49,44.65,14.2
461,verkhnetulomskiy,0,RU,1586121989.0,53,68.61,31.8,21.2,4.47
462,westerland,0,DE,1586121989.0,66,54.91,8.3,51.01,8.99
463,tricase,75,IT,1586121989.0,76,39.93,18.36,57.2,8.05
464,kerema,29,PG,1586121989.0,82,-7.96,145.78,76.8,3.58
465,bethel,90,US,1586121923.0,62,41.37,-73.41,63.0,10.29
466,launceston,47,AU,1586121757.0,93,-41.45,147.17,42.01,5.82
467,novo aripuana,100,BR,1586121990.0,90,-5.12,-60.38,83.3,1.86
468,shingu,16,JP,1586121990.0,65,33.73,135.98,41.61,8.84
469,luneburg,0,DE,1586121990.0,43,53.25,10.4,53.6,6.93
470,pascagoula,1,US,1586121990.0,47,30.37,-88.56,80.6,4.7
471,talnakh,40,RU,1586121990.0,100,69.49,88.4,30.2,15.66
472,labuan,75,MY,1586121884.0,100,5.28,115.24,82.0,2.24
473,jacksonville,90,US,1586121787.0,77,30.33,-81.66,70.0,4.7
474,touros,20,BR,1586121991.0,83,-5.2,-35.46,84.2,10.29
475,miandrivazo,39,MG,1586121991.0,81,-19.52,45.47,76.21,0.72
476,diego de almagro,0,CL,1586121991.0,23,-26.37,-70.05,79.16,10.74
477,carson city,20,US,1586121867.0,42,39.16,-119.77,54.0,11.41
478,calama,40,CL,1586121991.0,33,-22.47,-68.93,73.4,24.16
479,verkhnyaya inta,100,RU,1586121992.0,97,65.98,60.31,20.41,7.9
480,anadyr,20,RU,1586121431.0,83,64.75,177.48,-5.01,11.18
481,nukus,70,UZ,1586121992.0,37,42.45,59.61,51.8,4.7
482,tommot,77,RU,1586121992.0,92,58.96,126.29,14.56,2.46
483,huanren,0,CN,1586121992.0,68,41.26,125.37,31.1,1.34
484,kaduy,12,RU,1586121992.0,90,59.2,37.15,27.59,7.65
485,qeshm,0,IR,1586121992.0,83,26.96,56.27,77.0,6.93
486,goderich,54,CA,1586121710.0,77,43.75,-81.72,42.01,11.9
487,leh,27,IN,1586121449.0,28,34.17,77.58,16.38,4.7
488,seoul,1,KR,1586121803.0,80,37.57,126.98,37.4,1.25
489,torzhok,20,RU,1586121993.0,86,57.04,34.96,28.45,7.52
490,santiago,0,CL,1586121734.0,38,-33.46,-70.65,77.0,5.82
491,cochrane,90,CA,1586121848.0,92,51.18,-114.47,28.0,11.41
492,basco,74,PH,1586121993.0,84,20.45,121.97,75.74,24.34
493,waingapu,34,ID,1586121993.0,77,-9.66,120.26,78.82,2.35
494,kirakira,96,SB,1586121993.0,81,-10.45,161.92,81.84,4.56
495,odweyne,0,SO,1586121908.0,35,9.41,45.06,77.36,6.53
496,jutai,81,BR,1586121994.0,55,-5.18,-68.9,89.87,1.23
497,trebukhiv,0,UA,1586121994.0,64,50.48,30.9,43.0,4.47
498,lavrentiya,100,RU,1586121994.0,88,65.58,-171.0,10.09,9.82
499,luangwa,0,ZM,1586121994.0,57,-15.62,30.42,70.34,0.98
500,nome,90,US,1586121994.0,92,64.5,-165.41,10.4,29.97
501,bukama,60,CD,1586121995.0,74,-9.2,25.85,70.27,0.92
502,luderitz,1,NA,1586121995.0,93,-26.65,15.16,57.2,6.93
503,slave lake,90,CA,1586121995.0,62,55.28,-114.77,24.8,14.99
504,yablonovo,0,RU,1586121995.0,47,50.85,37.36,35.6,11.18
505,japura,100,ID,1586121995.0,97,-0.32,102.35,74.75,2.06
506,ranfurly,100,NZ,1586121995.0,95,-45.13,170.1,57.99,5.1
507,hastings,0,GB,1586121996.0,54,50.86,0.57,60.01,12.75
508,hay river,20,CA,1586121996.0,52,60.82,-115.8,15.8,4.7
509,dongkan,96,CN,1586121996.0,77,34.0,119.83,37.6,2.89
510,harper,50,LR,1586121996.0,82,4.38,-7.72,83.16,8.3
511,chunoyar,0,RU,1586121996.0,91,57.45,97.32,27.99,5.1
512,conway,90,US,1586121978.0,60,35.09,-92.44,73.99,5.82
513,zemio,100,CF,1586121996.0,80,5.03,25.14,71.22,5.53
514,nova lima,40,BR,1586121996.0,45,-19.99,-43.85,86.0,5.82
515,imbituba,0,BR,1586121997.0,69,-28.24,-48.67,75.2,9.17
516,igrim,46,RU,1586121997.0,97,63.19,64.42,28.83,6.58
517,alice springs,64,AU,1586121997.0,76,-23.7,133.88,50.0,8.66
518,gimli,42,CA,1586121997.0,92,50.63,-96.99,30.61,2.53
519,mehriz,0,IR,1586121997.0,25,31.59,54.43,60.8,6.93
520,singaraja,96,ID,1586121795.0,76,-8.11,115.09,82.22,4.27
521,toccoa,1,US,1586121997.0,27,34.58,-83.33,80.01,6.93
522,farafangana,73,MG,1586121998.0,81,-22.82,47.83,72.95,3.33
523,vozhega,36,RU,1586121998.0,96,60.47,40.22,22.21,5.39
524,padang,100,ID,1586121998.0,75,-0.95,100.35,77.88,3.15
525,mayor pablo lagerenza,10,PY,1586121998.0,37,-19.93,-60.77,95.31,14.56
526,sterling,75,US,1586121763.0,40,39.01,-77.43,72.0,1.63
527,midland,1,US,1586121998.0,36,32.0,-102.08,78.01,10.29
528,kirkwall,100,GB,1586121998.0,81,58.98,-2.96,48.2,28.86
529,kushiro,6,JP,1586121999.0,87,42.98,144.37,35.53,7.94
530,souillac,40,MU,1586121999.0,78,-20.52,57.52,78.8,8.05
531,doha,0,QA,1586121999.0,38,25.29,51.53,77.0,4.7
532,codrington,15,AU,1586121406.0,72,-38.27,141.97,52.12,7.7
533,maloy,100,NO,1586121999.0,64,61.94,5.11,51.8,19.46
534,union,90,US,1586122000.0,67,40.63,-74.27,68.0,5.08
535,ayacucho,56,PE,1586122000.0,25,-13.16,-74.22,66.4,4.97
536,maceio,20,BR,1586121429.0,88,-9.67,-35.74,80.6,9.17
537,bima,92,ID,1586122000.0,83,-8.47,118.72,76.6,1.16
538,valleyview,100,CA,1586122000.0,86,55.07,-117.29,26.08,3.4
539,goure,83,NE,1586122001.0,11,13.98,10.27,85.93,4.85
540,champasak,44,LA,1586122001.0,75,14.75,106.0,73.38,2.68
541,kholm,50,RU,1586122001.0,87,59.27,32.85,28.04,6.22
542,olga,95,RU,1586122001.0,84,43.74,135.29,35.01,10.74
543,madikeri,65,IN,1586122001.0,77,12.42,75.73,65.91,2.01
544,kapoeta,73,SS,1586122002.0,35,4.77,33.59,85.46,9.44
545,lahat,99,ID,1586122002.0,87,-3.8,103.53,73.11,1.39
546,tsabong,0,BW,1586122002.0,27,-26.02,22.4,73.49,13.53
547,tecoanapa,2,MX,1586122002.0,52,16.52,-98.75,86.65,12.15
548,killybegs,100,IE,1586122002.0,89,54.63,-8.45,48.99,15.99
549,patacamaya,75,BO,1586122002.0,15,-17.23,-67.92,59.02,2.62
550,baltasi,52,RU,1586122003.0,83,56.35,50.21,32.49,4.88
551,adre,3,TD,1586121416.0,11,13.47,22.2,82.76,7.78
552,seymchan,100,RU,1586122003.0,86,62.88,152.43,10.4,4.59
553,coquimbo,0,CL,1586122003.0,68,-29.95,-71.34,66.2,12.75
554,yulara,88,AU,1586122003.0,38,-25.24,130.99,59.0,8.05
555,noumea,100,NC,1586121405.0,69,-22.28,166.46,78.8,5.82
556,pemberton,90,CA,1586122003.0,38,50.32,-122.8,42.8,4.7
557,sur,0,OM,1586121420.0,33,22.57,59.53,86.18,6.91
558,athabasca,100,CA,1586122004.0,91,54.72,-113.29,22.57,9.86
559,kalengwa,99,ZM,1586122004.0,56,-13.47,25.0,66.16,2.37
560,solnechnyy,0,RU,1586122004.0,90,50.72,136.63,24.85,4.61
561,marawi,91,PH,1586122004.0,75,8.0,124.29,66.88,1.92
562,manzhouli,90,CN,1586121706.0,75,49.6,117.43,27.59,12.91
563,plastun,100,RU,1586122005.0,84,44.76,136.29,34.93,6.53
